{
  "results": [
    {
      "command": "sleep 0.25",
      "mean": 0.25847935968727276,
      "stddev": 0.0020060242395386054,
      "median": 0.25829465996,
      "user": 0.0016088763636363636,
      "system": 0.001997652727272727,
      "min": 0.25512946195999997,
      "max": 0.26142236396,
      "times": [
        0.25512946195999997,
        0.25527039396,
        0.25783274695999997,
        0.25789990196,
        0.25874889496,
        0.26002376896,
        0.26002226296,
        0.25829465996,
        0.26054719496,
        0.25808130596,
        0.26142236396
      ],
      "exit_codes": [
        0,
        0,
        0,
        0,
        0,
        0,
        0,
        0,
        0,
        0,
        0
      ]
    },
    {
      "command": "sleep 0.25",
      "mean": 0.25966520596,
      "stddev": 0.0013705528435989636,
      "median": 0.25954941296,
      "user": 0.0018081490909090906,
      "system": 0.0020849254545454543,
      "min": 0.25811190695999997,
      "max": 0.26182110496,
      "times": [
        0.25811190695999997,
        0.25868411796,
        0.26100627796,
        0.26182110496,
        0.26138563896,
        0.25822002796,
        0.25991981096,
        0.25954941296,
        0.25886311895999997,
        0.26060825696,
        0.25814759096
      ],
      "exit_codes": [
        0,
        0,
        0,
        0,
        0,
        0,
        0,
        0,
        0,
        0,
        0
      ]
    }
  ]
}
